Bin Number,Average Value
6,11.809780832677712
6,11.7865604861025
6,11.811744918051149
6,11.854155250459938
6,11.769259913135725
6,11.868825851680935
6,13.73701112802117
